jd_tdb,x_km,y_km,z_km,vx_km_s,vy_km_s,vz_km_s
2461354.5,-4818823142.159388,-24727878546.81933,5457635573.091932,-2.059286094352744,-16.3943137248165,3.607764389187743
2461354.541666667,-4818830555.589067,-24727937566.3475,5457648561.043476,-2.059285950022522,-16.39431303449166,3.607764245796561
2461354.583333333,-4818837969.018228,-24727996585.87318,5457661548.994503,-2.059285805693034,-16.39431234417004,3.607764102406085
2461354.625,-4818845382.446868,-24728055605.39637,5457674536.945013,-2.059285661364279,-16.39431165385163,3.607763959016315
2461354.666666667,-4818852795.87499,-24728114624.91708,5457687524.895008,-2.059285517036257,-16.39431096353642,3.607763815627251
2461354.708333333,-4818860209.30259,-24728173644.43531,5457700512.844486,-2.059285372708969,-16.39431027322443,3.607763672238893
2461354.75,-4818867622.729672,-24728232663.95105,5457713500.793447,-2.059285228382414,-16.39430958291565,3.607763528851242
2461354.791666667,-4818875036.156236,-24728291683.46431,5457726488.741894,-2.059285084056594,-16.39430889261007,3.607763385464298
2461354.833333333,-4818882449.582277,-24728350702.97508,5457739476.689823,-2.059284939731507,-16.39430820230771,3.607763242078059
2461354.875,-4818889863.007802,-24728409722.48336,5457752464.637237,-2.059284795407154,-16.39430751200856,3.607763098692528
2461354.916666667,-4818897276.432805,-24728468741.98917,5457765452.584133,-2.059284651083535,-16.39430682171261,3.607762955307703
2461354.958333333,-4818904689.857289,-24728527761.49248,5457778440.530515,-2.05928450676065,-16.39430613141987,3.607762811923585
2461355.0,-4818912103.281254,-24728586780.99331,5457791428.476379,-2.0592843624385,-16.39430544113034,3.607762668540173
2461355.041666667,-4818919516.7047,-24728645800.49166,5457804416.421728,-2.059284218117083,-16.39430475084403,3.607762525157468
2461355.083333333,-4818926930.127625,-24728704819.98751,5457817404.366561,-2.059284073796402,-16.39430406056091,3.60776238177547
2461355.125,-4818934343.55003,-24728763839.48089,5457830392.310877,-2.059283929476454,-16.39430337028101,3.607762238394178
2461355.166666667,-4818941756.971916,-24728822858.97178,5457843380.254677,-2.059283785157242,-16.39430268000432,3.607762095013594
2461355.208333333,-4818949170.393283,-24728881878.46019,5457856368.197962,-2.059283640838764,-16.39430198973084,3.607761951633715
2461355.25,-4818956583.81413,-24728940897.94611,5457869356.140729,-2.059283496521021,-16.39430129946056,3.607761808254543
2461355.291666667,-4818963997.234458,-24728999917.42955,5457882344.08298,-2.059283352204013,-16.3943006091935,3.607761664876078
2461355.333333333,-4818971410.654266,-24729058936.9105,5457895332.024716,-2.05928320788774,-16.39429991892964,3.607761521498319
2461355.375,-4818978824.073555,-24729117956.38896,5457908319.965935,-2.059283063572201,-16.39429922866899,3.607761378121266
2461355.416666667,-4818986237.492324,-24729176975.86494,5457921307.906639,-2.059282919257399,-16.39429853841155,3.607761234744919
2461355.458333333,-4818993650.910574,-24729235995.33844,5457934295.846826,-2.059282774943331,-16.39429784815733,3.607761091369279
2461355.5,-4819001064.328303,-24729295014.80945,5457947283.786496,-2.059282630629998,-16.3942971579063,3.607760947994344
2461355.541666667,-4819008477.745514,-24729354034.27798,5457960271.725651,-2.0592824863174,-16.3942964676585,3.607760804620115
2461355.583333333,-4819015891.162205,-24729413053.74401,5457973259.664289,-2.059282342005537,-16.3942957774139,3.607760661246592
2461355.625,-4819023304.578377,-24729472073.20757,5457986247.602412,-2.059282197694409,-16.39429508717251,3.607760517873774
2461355.666666667,-4819030717.994028,-24729531092.66864,5457999235.540018,-2.059282053384017,-16.39429439693433,3.607760374501662
2461355.708333333,-4819038131.409162,-24729590112.12723,5458012223.477108,-2.059281909074359,-16.39429370669936,3.607760231130254
2461355.75,-4819045544.823773,-24729649131.58333,5458025211.413683,-2.059281764765438,-16.39429301646761,3.607760087759552
2461355.791666667,-4819052958.237867,-24729708151.03695,5458038199.34974,-2.05928162045725,-16.39429232623906,3.607759944389554
2461355.833333333,-4819060371.651442,-24729767170.48808,5458051187.285282,-2.059281476149798,-16.39429163601373,3.607759801020261
2461355.875,-4819067785.064496,-24729826189.93673,5458064175.220308,-2.05928133184308,-16.39429094579161,3.607759657651671
2461355.916666667,-4819075198.477031,-24729885209.38289,5458077163.154817,-2.059281187537098,-16.3942902555727,3.607759514283786
2461355.958333333,-4819082611.889046,-24729944228.82657,5458090151.08881,-2.05928104323185,-16.39428956535701,3.607759370916604
2461356.0,-4819090025.300542,-24730003248.26776,5458103139.022288,-2.059280898927337,-16.39428887514452,3.607759227550127
2461356.041666667,-4819097438.711517,-24730062267.70647,5458116126.955249,-2.059280754623559,-16.39428818493526,3.607759084184352
2461356.083333333,-4819104852.121975,-24730121287.14269,5458129114.887694,-2.059280610320515,-16.3942874947292,3.60775894081928
2461356.125,-4819112265.531913,-24730180306.57643,5458142102.819623,-2.059280466018205,-16.39428680452636,3.607758797454911
2461356.166666667,-4819119678.94133,-24730239326.00769,5458155090.751036,-2.05928032171663,-16.39428611432674,3.607758654091244
2461356.208333333,-4819127092.350229,-24730298345.43645,5458168078.681932,-2.059280177415789,-16.39428542413032,3.60775851072828
2461356.25,-4819134505.758608,-24730357364.86274,5458181066.612312,-2.059280033115681,-16.39428473393713,3.607758367366017
2461356.291666667,-4819141919.166468,-24730416384.28654,5458194054.542177,-2.059279888816307,-16.39428404374716,3.607758224004456
2461356.333333333,-4819149332.573808,-24730475403.70786,5458207042.471526,-2.059279744517668,-16.39428335356039,3.607758080643596
2461356.375,-4819156745.980628,-24730534423.12669,5458220030.400358,-2.059279600219761,-16.39428266337685,3.607757937283437
2461356.416666667,-4819164159.38693,-24730593442.54303,5458233018.328674,-2.059279455922587,-16.39428197319653,3.607757793923979
2461356.458333333,-4819171572.79271,-24730652461.95689,5458246006.256474,-2.059279311626147,-16.39428128301942,3.607757650565222
2461356.5,-4819178986.197972,-24730711481.36827,5458258994.183759,-2.059279167330439,-16.39428059284553,3.607757507207164
2461356.541666667,-4819186399.602715,-24730770500.77716,5458271982.110525,-2.059279023035464,-16.39427990267486,3.607757363849806
2461356.583333333,-4819193813.006938,-24730829520.18357,5458284970.036777,-2.059278878741222,-16.39427921250741,3.607757220493148
2461356.625,-4819201226.410643,-24730888539.58749,5458297957.962514,-2.059278734447711,-16.39427852234317,3.607757077137189
2461356.666666667,-4819208639.813826,-24730947558.98893,5458310945.887733,-2.059278590154932,-16.39427783218216,3.607756933781929
2461356.708333333,-4819216053.216491,-24731006578.38788,5458323933.812436,-2.059278445862885,-16.39427714202437,3.607756790427368
2461356.75,-4819223466.618637,-24731065597.78435,5458336921.736624,-2.059278301571569,-16.3942764518698,3.607756647073506
2461356.791666667,-4819230880.020263,-24731124617.17834,5458349909.660295,-2.059278157280986,-16.39427576171845,3.607756503720341
2461356.833333333,-4819238293.421369,-24731183636.56984,5458362897.583451,-2.059278012991132,-16.39427507157032,3.607756360367875
2461356.875,-4819245706.821957,-24731242655.95885,5458375885.50609,-2.05927786870201,-16.39427438142542,3.607756217016106
2461356.916666667,-4819253120.222024,-24731301675.34538,5458388873.428214,-2.059277724413616,-16.39427369128373,3.607756073665036
2461356.958333333,-4819260533.621572,-24731360694.72942,5458401861.349821,-2.059277580125954,-16.39427300114527,3.607755930314662
2461357.0,-4819267947.020601,-24731419714.11099,5458414849.270912,-2.059277435839022,-16.39427231101003,3.607755786964986
2461357.041666667,-4819275360.419111,-24731478733.49006,5458427837.191487,-2.05927729155282,-16.39427162087802,3.607755643616007
2461357.083333333,-4819282773.817101,-24731537752.86666,5458440825.111546,-2.059277147267347,-16.39427093074922,3.607755500267725
2461357.125,-4819290187.214571,-24731596772.24076,5458453813.03109,-2.059277002982604,-16.39427024062365,3.60775535692014
2461357.166666667,-4819297600.611522,-24731655791.61239,5458466800.950116,-2.059276858698589,-16.3942695505013,3.607755213573251
2461357.208333333,-4819305014.007954,-24731714810.98153,5458479788.868628,-2.059276714415303,-16.39426886038217,3.60775507022706
2461357.25,-4819312427.403866,-24731773830.34819,5458492776.786622,-2.059276570132746,-16.39426817026627,3.607754926881564
2461357.291666667,-4819319840.799259,-24731832849.71235,5458505764.704101,-2.059276425850917,-16.39426748015359,3.607754783536765
2461357.333333333,-4819327254.194132,-24731891869.07404,5458518752.621063,-2.059276281569816,-16.39426679004413,3.607754640192663
2461357.375,-4819334667.588487,-24731950888.43325,5458531740.53751,-2.059276137289444,-16.3942660999379,3.607754496849257
2461357.416666667,-4819342080.982321,-24732009907.78996,5458544728.453441,-2.059275993009799,-16.39426540983489,3.607754353506547
2461357.458333333,-4819349494.375635,-24732068927.1442,5458557716.368855,-2.059275848730882,-16.3942647197351,3.607754210164535
2461357.5,-4819356907.768431,-24732127946.49594,5458570704.283753,-2.059275704452693,-16.39426402963853,3.607754066823219
2461357.541666667,-4819364321.160707,-24732186965.84521,5458583692.198136,-2.059275560175231,-16.39426333954519,3.607753923482599
2461357.583333333,-4819371734.552464,-24732245985.19199,5458596680.112002,-2.059275415898496,-16.39426264945507,3.607753780142677
2461357.625,-4819379147.943703,-24732305004.53629,5458609668.025353,-2.059275271622489,-16.39426195936817,3.607753636803452
2461357.666666667,-4819386561.33442,-24732364023.8781,5458622655.938189,-2.059275127347209,-16.39426126928448,3.607753493464923
2461357.708333333,-4819393974.72462,-24732423043.21743,5458635643.850506,-2.059274983072656,-16.39426057920403,3.607753350127092
2461357.75,-4819401388.114299,-24732482062.55427,5458648631.762309,-2.05927483879883,-16.39425988912679,3.607753206789959
2461357.791666667,-4819408801.503459,-24732541081.88863,5458661619.673595,-2.059274694525732,-16.39425919905277,3.607753063453524
2461357.833333333,-4819416214.892098,-24732600101.2205,5458674607.584366,-2.05927455025336,-16.39425850898196,3.607752920117787
2461357.875,-4819423628.28022,-24732659120.54989,5458687595.49462,-2.059274405981717,-16.39425781891438,3.607752776782749
2461357.916666667,-4819431041.667823,-24732718139.8768,5458700583.404358,-2.0592742617108,-16.39425712885001,3.607752633448409
2461357.958333333,-4819438455.054904,-24732777159.20122,5458713571.313581,-2.05927411744061,-16.39425643878886,3.607752490114769
2461358.0,-4819445868.441467,-24732836178.52316,5458726559.222287,-2.059273973171149,-16.39425574873092,3.607752346781829
2461358.041666667,-4819453281.827512,-24732895197.84261,5458739547.130478,-2.059273828902415,-16.3942550586762,3.607752203449589
2461358.083333333,-4819460695.213036,-24732954217.15958,5458752535.038152,-2.059273684634409,-16.3942543686247,3.607752060118049
2461358.125,-4819468108.598042,-24733013236.47406,5458765522.945311,-2.059273540367131,-16.3942536785764,3.607751916787211
2461358.166666667,-4819475521.982526,-24733072255.78606,5458778510.851954,-2.059273396100582,-16.39425298853132,3.607751773457074
2461358.208333333,-4819482935.366493,-24733131275.09558,5458791498.75808,-2.059273251834762,-16.39425229848945,3.607751630127639
2461358.25,-4819490348.74994,-24733190294.40261,5458804486.663691,-2.05927310756967,-16.39425160845079,3.607751486798907
2461358.291666667,-4819497762.132867,-24733249313.70716,5458817474.568785,-2.059272963305308,-16.39425091841534,3.607751343470878
2461358.333333333,-4819505175.515276,-24733308333.00922,5458830462.473363,-2.059272819041675,-16.3942502283831,3.607751200143553
2461358.375,-4819512588.897164,-24733367352.30881,5458843450.377426,-2.059272674778773,-16.39424953835406,3.607751056816933
2461358.416666667,-4819520002.278534,-24733426371.6059,5458856438.280972,-2.059272530516602,-16.39424884832823,3.607750913491017
2461358.458333333,-4819527415.659384,-24733485390.90052,5458869426.184002,-2.059272386255161,-16.3942481583056,3.607750770165808
2461358.5,-4819534829.039715,-24733544410.19264,5458882414.086516,-2.059272241994452,-16.39424746828618,3.607750626841304
2461358.541666667,-4819542242.419526,-24733603429.48229,5458895401.988516,-2.059272097734475,-16.39424677826996,3.607750483517508
2461358.583333333,-4819549655.798819,-24733662448.76944,5458908389.889998,-2.059271953475231,-16.39424608825694,3.607750340194419
2461358.625,-4819557069.177591,-24733721468.05412,5458921377.790966,-2.05927180921672,-16.39424539824712,3.607750196872038
2461358.666666667,-4819564482.555845,-24733780487.33631,5458934365.691417,-2.059271664958942,-16.3942447082405,3.607750053550366
2461358.708333333,-4819571895.933578,-24733839506.61602,5458947353.591351,-2.059271520701899,-16.39424401823708,3.607749910229403
2461358.75,-4819579309.310794,-24733898525.89325,5458960341.49077,-2.059271376445591,-16.39424332823685,3.60774976690915
2461358.791666667,-4819586722.68749,-24733957545.16798,5458973329.389672,-2.059271232190018,-16.39424263823982,3.607749623589608
2461358.833333333,-4819594136.063666,-24734016564.44024,5458986317.288059,-2.059271087935181,-16.39424194824598,3.607749480270777
2461358.875,-4819601549.439322,-24734075583.71001,5458999305.185931,-2.059270943681081,-16.39424125825534,3.607749336952657
2461358.916666667,-4819608962.814461,-24734134602.9773,5459012293.083285,-2.059270799427718,-16.39424056826789,3.60774919363525
2461358.958333333,-4819616376.189078,-24734193622.2421,5459025280.980124,-2.059270655175092,-16.39423987828364,3.607749050318554
2461359.0,-4819623789.563177,-24734252641.50442,5459038268.876448,-2.059270510923205,-16.39423918830257,3.607748907002572
2461359.041666667,-4819631202.936757,-24734311660.76426,5459051256.772255,-2.059270366672057,-16.3942384983247,3.607748763687303
2461359.083333333,-4819638616.309817,-24734370680.02161,5459064244.667546,-2.059270222421649,-16.39423780835001,3.607748620372747
2461359.125,-4819646029.682359,-24734429699.27648,5459077232.562323,-2.059270078171981,-16.39423711837852,3.607748477058905
2461359.166666667,-4819653443.05438,-24734488718.52886,5459090220.456581,-2.059269933923053,-16.39423642841022,3.607748333745776
2461359.208333333,-4819660856.425882,-24734547737.77876,5459103208.350326,-2.059269789674866,-16.39423573844511,3.607748190433361
2461359.25,-4819668269.796865,-24734606757.02618,5459116196.243552,-2.05926964542742,-16.39423504848319,3.607748047121659
2461359.291666667,-4819675683.16733,-24734665776.27111,5459129184.136264,-2.059269501180715,-16.39423435852445,3.607747903810671
2461359.333333333,-4819683096.537274,-24734724795.51356,5459142172.02846,-2.059269356934752,-16.39423366856892,3.607747760500396
2461359.375,-4819690509.906699,-24734783814.75352,5459155159.920139,-2.059269212689531,-16.39423297861657,3.607747617190833
2461359.416666667,-4819697923.275605,-24734842833.99101,5459168147.811304,-2.059269068445052,-16.39423228866742,3.607747473881982
2461359.458333333,-4819705336.643992,-24734901853.226,5459181135.701952,-2.059268924201314,-16.39423159872145,3.607747330573842
2461359.5,-4819712750.01186,-24734960872.45852,5459194123.592084,-2.059268779958318,-16.3942309087787,3.607747187266412
2461359.541666667,-4819720163.379209,-24735019891.68855,5459207111.4817,-2.059268635716063,-16.39423021883913,3.607747043959691
2461359.583333333,-4819727576.746037,-24735078910.91609,5459220099.3708,-2.059268491474548,-16.39422952890277,3.607746900653678
2461359.625,-4819734990.112347,-24735137930.14116,5459233087.259385,-2.059268347233774,-16.39422883896961,3.607746757348372
2461359.666666667,-4819742403.478137,-24735196949.36374,5459246075.147453,-2.059268202993738,-16.39422814903966,3.607746614043769
2461359.708333333,-4819749816.843409,-24735255968.58383,5459259063.035006,-2.05926805875444,-16.39422745911291,3.607746470739869
2461359.75,-4819757230.20816,-24735314987.80144,5459272050.922043,-2.059267914515879,-16.39422676918938,3.607746327436669
2461359.791666667,-4819764643.572393,-24735374007.01657,5459285038.808563,-2.059267770278053,-16.39422607926907,3.607746184134167
2461359.833333333,-4819772056.936107,-24735433026.22921,5459298026.694568,-2.05926762604096,-16.39422538935198,3.60774604083236
2461359.875,-4819779470.2993,-24735492045.43937,5459311014.580058,-2.059267481804599,-16.39422469943812,3.607745897531245
2461359.916666667,-4819786883.661975,-24735551064.64705,5459324002.46503,-2.059267337568966,-16.39422400952749,3.607745754230818
2461359.958333333,-4819794297.024131,-24735610083.85224,5459336990.349488,-2.05926719333406,-16.39422331962011,3.607745610931076
2461360.0,-4819801710.385767,-24735669103.05495,5459349978.23343,-2.059267049099877,-16.39422262971597,3.607745467632014
2461360.041666667,-4819809123.746885,-24735728122.25517,5459362966.116855,-2.059266904866413,-16.39422193981508,3.607745324333628
2461360.083333333,-4819816537.107483,-24735787141.45292,5459375953.999764,-2.059266760633665,-16.39422124991746,3.607745181035914
2461360.125,-4819823950.467562,-24735846160.64817,5459388941.882158,-2.059266616401629,-16.39422056002311,3.607745037738865
2461360.166666667,-4819831363.827121,-24735905179.84095,5459401929.764036,-2.059266472170301,-16.39421987013205,3.607744894442476
2461360.208333333,-4819838777.186161,-24735964199.03124,5459414917.645398,-2.059266327939673,-16.39421918024428,3.607744751146741
2461360.25,-4819846190.544682,-24736023218.21904,5459427905.526244,-2.059266183709742,-16.39421849035982,3.607744607851652
2461360.291666667,-4819853603.902684,-24736082237.40437,5459440893.406575,-2.0592660394805,-16.39421780047867,3.607744464557204
2461360.333333333,-4819861017.260166,-24736141256.58721,5459453881.286389,-2.059265895251942,-16.39421711060085,3.607744321263387
2461360.375,-4819868430.617129,-24736200275.76756,5459466869.165688,-2.059265751024058,-16.39421642072637,3.607744177970194
2461360.416666667,-4819875843.973574,-24736259294.94543,5459479857.04447,-2.059265606796842,-16.39421573085526,3.607744034677614
2461360.458333333,-4819883257.329498,-24736318314.12083,5459492844.922738,-2.059265462570284,-16.39421504098752,3.607743891385639
2461360.5,-4819890670.684904,-24736377333.29373,5459505832.800488,-2.059265318344375,-16.39421435112318,3.607743748094259
2461360.541666667,-4819898084.03979,-24736436352.46415,5459518820.677724,-2.059265174119773,-16.39421366126096,3.607743604804222
2461360.583333333,-4819905497.394157,-24736495371.63209,5459531808.554443,-2.059265029895866,-16.39421297140195,3.607743461514878
2461360.625,-4819912910.748006,-24736554390.79755,5459544796.430647,-2.059264885672656,-16.39421228154616,3.60774331822623
2461360.666666667,-4819920324.101334,-24736613409.96052,5459557784.306334,-2.059264741450148,-16.39421159169357,3.607743174938277
2461360.708333333,-4819927737.454144,-24736672429.12101,5459570772.181506,-2.059264597228345,-16.39421090184421,3.607743031651021
2461360.75,-4819935150.806434,-24736731448.27901,5459583760.056163,-2.059264453007249,-16.39421021199805,3.607742888364462
2461360.791666667,-4819942564.158206,-24736790467.43454,5459596747.930303,-2.059264308786863,-16.39420952215511,3.6077427450786
2461360.833333333,-4819949977.509458,-24736849486.58757,5459609735.803927,-2.05926416456719,-16.39420883231538,3.607742601793436
2461360.875,-4819957390.86019,-24736908505.73813,5459622723.677035,-2.059264020348233,-16.39420814247886,3.607742458508972
2461360.916666667,-4819964804.210404,-24736967524.8862,5459635711.549628,-2.059263876129992,-16.39420745264555,3.607742315225206
2461360.958333333,-4819972217.560099,-24737026544.03179,5459648699.421705,-2.059263731912471,-16.39420676281545,3.60774217194214
2461361.0,-4819979630.909274,-24737085563.17489,5459661687.293266,-2.059263587695671,-16.39420607298856,3.607742028659773
2461361.041666667,-4819987044.25793,-24737144582.31551,5459674675.164311,-2.059263443479594,-16.39420538316488,3.607741885378106
2461361.083333333,-4819994457.606067,-24737203601.45365,5459687663.034841,-2.059263299264241,-16.39420469334441,3.607741742097139
2461361.125,-4820001870.953685,-24737262620.5893,5459700650.904854,-2.059263155049614,-16.39420400352714,3.607741598816873
2461361.166666667,-4820009284.300783,-24737321639.72247,5459713638.774352,-2.059263010835714,-16.39420331371309,3.607741455537307
2461361.208333333,-4820016697.647363,-24737380658.85316,5459726626.643333,-2.059262866622542,-16.39420262390225,3.607741312258443
2461361.25,-4820024110.993423,-24737439677.98137,5459739614.511801,-2.059262722410099,-16.39420193409461,3.607741168980279
2461361.291666667,-4820031524.338964,-24737498697.10709,5459752602.379751,-2.059262578198386,-16.39420124429018,3.607741025702816
2461361.333333333,-4820038937.683987,-24737557716.23032,5459765590.247186,-2.059262433987404,-16.39420055448895,3.607740882426055
2461361.375,-4820046351.028489,-24737616735.35108,5459778578.114104,-2.059262289777153,-16.39419986469094,3.607740739149995
2461361.416666667,-4820053764.372472,-24737675754.46935,5459791565.980507,-2.059262145567635,-16.39419917489614,3.607740595874636
2461361.458333333,-4820061177.715937,-24737734773.58514,5459804553.846395,-2.059262001358849,-16.39419848510454,3.607740452599979
2461361.5,-4820068591.058883,-24737793792.69844,5459817541.711766,-2.059261857150797,-16.39419779531615,3.607740309326024
2461361.541666667,-4820076004.401308,-24737852811.80927,5459830529.576622,-2.059261712943478,-16.39419710553097,3.607740166052769
2461361.583333333,-4820083417.743216,-24737911830.9176,5459843517.440962,-2.059261568736892,-16.394196415749,3.607740022780217
2461361.625,-4820090831.084604,-24737970850.02346,5459856505.304786,-2.059261424531042,-16.39419572597023,3.607739879508366
2461361.666666667,-4820098244.425472,-24738029869.12683,5459869493.168095,-2.059261280325925,-16.39419503619467,3.607739736237217
2461361.708333333,-4820105657.765821,-24738088888.22772,5459882481.030887,-2.059261136121543,-16.39419434642232,3.607739592966769
2461361.75,-4820113071.105652,-24738147907.32613,5459895468.893163,-2.059260991917895,-16.39419365665318,3.607739449697022
2461361.791666667,-4820120484.444963,-24738206926.42205,5459908456.754925,-2.059260847714982,-16.39419296688724,3.607739306427978
2461361.833333333,-4820127897.783756,-24738265945.51549,5459921444.61617,-2.059260703512804,-16.39419227712451,3.607739163159634
2461361.875,-4820135311.122028,-24738324964.60645,5459934432.476899,-2.05926055931136,-16.394191587365,3.607739019891992
2461361.916666667,-4820142724.459783,-24738383983.69492,5459947420.337112,-2.059260415110651,-16.39419089760868,3.607738876625051
2461361.958333333,-4820150137.797017,-24738443002.78091,5459960408.196811,-2.059260270910677,-16.39419020785558,3.607738733358812
2461362.0,-4820157551.133733,-24738502021.86441,5459973396.055994,-2.059260126711436,-16.39418951810568,3.607738590093274
2461362.041666667,-4820164964.46993,-24738561040.94544,5459986383.91466,-2.059259982512931,-16.39418882835899,3.607738446828438
2461362.083333333,-4820172377.805607,-24738620060.02398,5459999371.77281,-2.059259838315159,-16.39418813861551,3.607738303564302
2461362.125,-4820179791.140766,-24738679079.10004,5460012359.630445,-2.059259694118121,-16.39418744887524,3.607738160300868
2461362.166666667,-4820187204.475406,-24738738098.17361,5460025347.487564,-2.059259549921816,-16.39418675913817,3.607738017038134
2461362.208333333,-4820194617.809525,-24738797117.2447,5460038335.344168,-2.059259405726246,-16.39418606940431,3.607737873776101
2461362.25,-4820202031.143126,-24738856136.31331,5460051323.200255,-2.05925926153141,-16.39418537967366,3.60773773051477
2461362.291666667,-4820209444.476208,-24738915155.37944,5460064311.055828,-2.059259117337306,-16.39418468994622,3.60773758725414
2461362.333333333,-4820216857.808771,-24738974174.44307,5460077298.910884,-2.059258973143935,-16.39418400022198,3.60773744399421
2461362.375,-4820224271.140816,-24739033193.50423,5460090286.765425,-2.059258828951297,-16.39418331050096,3.607737300734982
2461362.416666667,-4820231684.47234,-24739092212.56291,5460103274.61945,-2.059258684759391,-16.39418262078313,3.607737157476453
2461362.458333333,-4820239097.803345,-24739151231.6191,5460116262.472959,-2.059258540568218,-16.39418193106852,3.607737014218626
2461362.5,-4820246511.133832,-24739210250.67282,5460129250.325952,-2.059258396377777,-16.39418124135712,3.607736870961499
2461362.541666667,-4820253924.463799,-24739269269.72404,5460142238.17843,-2.059258252188068,-16.39418055164892,3.607736727705073
2461362.583333333,-4820261337.793247,-24739328288.77279,5460155226.030391,-2.05925810799909,-16.39417986194393,3.607736584449347
2461362.625,-4820268751.122177,-24739387307.81905,5460168213.881837,-2.059257963810843,-16.39417917224215,3.607736441194322
2461362.666666667,-4820276164.450586,-24739446326.86283,5460181201.732768,-2.059257819623328,-16.39417848254358,3.607736297939997
2461362.708333333,-4820283577.778479,-24739505345.90412,5460194189.583182,-2.059257675436544,-16.39417779284821,3.607736154686372
2461362.75,-4820290991.10585,-24739564364.94294,5460207177.433082,-2.059257531250489,-16.39417710315605,3.607736011433448
2461362.791666667,-4820298404.432703,-24739623383.97926,5460220165.282465,-2.059257387065166,-16.3941764134671,3.607735868181225
2461362.833333333,-4820305817.759036,-24739682403.01311,5460233153.131332,-2.059257242880574,-16.39417572378136,3.607735724929701
2461362.875,-4820313231.084851,-24739741422.04448,5460246140.979684,-2.05925709869671,-16.39417503409882,3.607735581678878
2461362.916666667,-4820320644.410148,-24739800441.07336,5460259128.82752,-2.059256954513578,-16.39417434441949,3.607735438428755
2461362.958333333,-4820328057.734923,-24739859460.09975,5460272116.674841,-2.059256810331175,-16.39417365474337,3.607735295179332
2461363.0,-4820335471.059181,-24739918479.12367,5460285104.521646,-2.059256666149501,-16.39417296507045,3.607735151930609
2461363.041666667,-4820342884.38292,-24739977498.14511,5460298092.367934,-2.059256521968557,-16.39417227540075,3.607735008682587
2461363.083333333,-4820350297.706141,-24740036517.16405,5460311080.213708,-2.059256377788342,-16.39417158573425,3.607734865435264
2461363.125,-4820357711.028841,-24740095536.18052,5460324068.058966,-2.059256233608856,-16.39417089607096,3.607734722188642
2461363.166666667,-4820365124.351022,-24740154555.1945,5460337055.903708,-2.0592560894301,-16.39417020641087,3.607734578942719
2461363.208333333,-4820372537.672685,-24740213574.20601,5460350043.747934,-2.059255945252072,-16.39416951675399,3.607734435697497
2461363.25,-4820379950.993828,-24740272593.21503,5460363031.591645,-2.059255801074773,-16.39416882710032,3.607734292452974
2461363.291666667,-4820387364.314452,-24740331612.22156,5460376019.43484,-2.059255656898202,-16.39416813744986,3.607734149209151
2461363.333333333,-4820394777.634558,-24740390631.22562,5460389007.277519,-2.05925551272236,-16.3941674478026,3.60773400596603
2461363.375,-4820402190.954144,-24740449650.22719,5460401995.119682,-2.059255368547247,-16.39416675815854,3.607733862723607
2461363.416666667,-4820409604.273211,-24740508669.22627,5460414982.961331,-2.059255224372862,-16.3941660685177,3.607733719481884
2461363.458333333,-4820417017.59176,-24740567688.22288,5460427970.802464,-2.059255080199205,-16.39416537888006,3.607733576240862
2461363.5,-4820424430.909788,-24740626707.217,5460440958.64308,-2.059254936026277,-16.39416468924563,3.607733433000539
2461363.541666667,-4820431844.227299,-24740685726.20864,5460453946.483181,-2.059254791854077,-16.39416399961441,3.607733289760917
2461363.583333333,-4820439257.54429,-24740744745.1978,5460466934.322766,-2.059254647682605,-16.39416330998639,3.607733146521994
2461363.625,-4820446670.860763,-24740803764.18447,5460479922.161836,-2.059254503511862,-16.39416262036158,3.607733003283772
2461363.666666667,-4820454084.176715,-24740862783.16867,5460492910.00039,-2.059254359341846,-16.39416193073998,3.607732860046248
2461363.708333333,-4820461497.492149,-24740921802.15038,5460505897.838428,-2.059254215172559,-16.39416124112158,3.607732716809426
2461363.75,-4820468910.807065,-24740980821.1296,5460518885.675951,-2.059254071004,-16.39416055150639,3.607732573573303
2461363.791666667,-4820476324.121461,-24741039840.10635,5460531873.512959,-2.059253926836169,-16.3941598618944,3.607732430337879
2461363.833333333,-4820483737.435337,-24741098859.08061,5460544861.34945,-2.059253782669066,-16.39415917228562,3.607732287103156
2461363.875,-4820491150.748695,-24741157878.05239,5460557849.185426,-2.059253638502692,-16.39415848268005,3.607732143869133
2461363.916666667,-4820498564.061535,-24741216897.02169,5460570837.020885,-2.059253494337046,-16.39415779307768,3.60773200063581
2461363.958333333,-4820505977.373855,-24741275915.9885,5460583824.855829,-2.059253350172127,-16.39415710347852,3.607731857403186
2461364.0,-4820513390.685656,-24741334934.95283,5460596812.690258,-2.059253206007938,-16.39415641388256,3.607731714171264
2461364.041666667,-4820520803.996939,-24741393953.91468,5460609800.524171,-2.059253061844476,-16.39415572428981,3.60773157094004
2461364.083333333,-4820528217.307701,-24741452972.87405,5460622788.357569,-2.059252917681743,-16.39415503470027,3.607731427709516
2461364.125,-4820535630.617945,-24741511991.83093,5460635776.190452,-2.059252773519739,-16.39415434511393,3.607731284479693
2461364.166666667,-4820543043.92767,-24741571010.78533,5460648764.022818,-2.059252629358463,-16.3941536555308,3.60773114125057
2461364.208333333,-4820550457.236876,-24741630029.73725,5460661751.854668,-2.059252485197915,-16.39415296595087,3.607730998022146
2461364.25,-4820557870.545564,-24741689048.68668,5460674739.686004,-2.059252341038096,-16.39415227637415,3.607730854794423
2461364.291666667,-4820565283.853733,-24741748067.63364,5460687727.516823,-2.059252196879005,-16.39415158680063,3.607730711567399
2461364.333333333,-4820572697.161382,-24741807086.57811,5460700715.347127,-2.059252052720644,-16.39415089723032,3.607730568341076
2461364.375,-4820580110.468512,-24741866105.5201,5460713703.176915,-2.059251908563011,-16.39415020766322,3.607730425115452
2461364.416666667,-4820587523.775124,-24741925124.4596,5460726691.006187,-2.059251764406107,-16.39414951809932,3.607730281890528
2461364.458333333,-4820594937.081216,-24741984143.39663,5460739678.834945,-2.059251620249932,-16.39414882853862,3.607730138666305
2461364.5,-4820602350.386789,-24742043162.33117,5460752666.663185,-2.059251476094486,-16.39414813898113,3.607729995442781
2461364.541666667,-4820609763.691843,-24742102181.26323,5460765654.490911,-2.05925133193977,-16.39414744942685,3.607729852219958
2461364.583333333,-4820617176.996379,-24742161200.19281,5460778642.318122,-2.059251187785782,-16.39414675987576,3.607729708997834
2461364.625,-4820624590.300395,-24742220219.1199,5460791630.144816,-2.059251043632524,-16.39414607032789,3.60772956577641
2461364.666666667,-4820632003.603893,-24742279238.04451,5460804617.970996,-2.059250899479995,-16.39414538078322,3.607729422555687
2461364.708333333,-4820639416.906872,-24742338256.96664,5460817605.796659,-2.059250755328196,-16.39414469124176,3.607729279335663
2461364.75,-4820646830.209332,-24742397275.88629,5460830593.621806,-2.059250611177125,-16.39414400170349,3.60772913611634
2461364.791666667,-4820654243.511271,-24742456294.80345,5460843581.446439,-2.059250467026785,-16.39414331216844,3.607728992897716
2461364.833333333,-4820661656.812694,-24742515313.71814,5460856569.270555,-2.059250322877174,-16.39414262263659,3.607728849679793
2461364.875,-4820669070.113597,-24742574332.63034,5460869557.094156,-2.059250178728293,-16.39414193310795,3.607728706462569
2461364.916666667,-4820676483.41398,-24742633351.54005,5460882544.917242,-2.059250034580141,-16.3941412435825,3.607728563246046
2461364.958333333,-4820683896.713846,-24742692370.44729,5460895532.739812,-2.05924989043272,-16.39414055406026,3.607728420030222
2461365.0,-4820691310.013192,-24742751389.35205,5460908520.561867,-2.059249746286028,-16.39413986454123,3.607728276815099
2461365.041666667,-4820698723.312019,-24742810408.25432,5460921508.383405,-2.059249602140067,-16.3941391750254,3.607728133600675
2461365.083333333,-4820706136.610328,-24742869427.15411,5460934496.204429,-2.059249457994835,-16.39413848551278,3.607727990386952
2461365.125,-4820713549.908117,-24742928446.05141,5460947484.024936,-2.059249313850334,-16.39413779600336,3.607727847173928
2461365.166666667,-4820720963.205387,-24742987464.94624,5460960471.844928,-2.059249169706562,-16.39413710649715,3.607727703961605
2461365.208333333,-4820728376.502139,-24743046483.83858,5460973459.664404,-2.059249025563521,-16.39413641699414,3.607727560749982
2461365.25,-4820735789.798371,-24743105502.72844,5460986447.483366,-2.059248881421211,-16.39413572749433,3.607727417539058
2461365.291666667,-4820743203.094085,-24743164521.61582,5460999435.30181,-2.05924873727963,-16.39413503799773,3.607727274328834
2461365.333333333,-4820750616.38928,-24743223540.50071,5461012423.11974,-2.05924859313878,-16.39413434850433,3.607727131119312
2461365.375,-4820758029.683956,-24743282559.38313,5461025410.937155,-2.05924844899866,-16.39413365901414,3.607726987910488
2461365.416666667,-4820765442.978113,-24743341578.26306,5461038398.754054,-2.059248304859271,-16.39413296952715,3.607726844702364
2461365.458333333,-4820772856.271751,-24743400597.14051,5461051386.570436,-2.059248160720613,-16.39413228004337,3.60772670149494
2461365.5,-4820780269.56487,-24743459616.01548,5461064374.386304,-2.059248016582684,-16.39413159056279,3.607726558288217
2461365.541666667,-4820787682.85747,-24743518634.88796,5461077362.201656,-2.059247872445487,-16.39413090108541,3.607726415082193
2461365.583333333,-4820795096.149551,-24743577653.75796,5461090350.016493,-2.059247728309019,-16.39413021161123,3.607726271876869
2461365.625,-4820802509.441113,-24743636672.62548,5461103337.830814,-2.059247584173283,-16.39412952214026,3.607726128672244
2461365.666666667,-4820809922.732158,-24743695691.49052,5461116325.64462,-2.059247440038277,-16.3941288326725,3.60772598546832
2461365.708333333,-4820817336.022682,-24743754710.35308,5461129313.457909,-2.059247295904001,-16.39412814320794,3.607725842265096
2461365.75,-4820824749.312688,-24743813729.21315,5461142301.270683,-2.059247151770457,-16.39412745374658,3.607725699062572
2461365.791666667,-4820832162.602175,-24743872748.07074,5461155289.082943,-2.059247007637642,-16.39412676428843,3.607725555860747
2461365.833333333,-4820839575.891143,-24743931766.92585,5461168276.894686,-2.059246863505559,-16.39412607483348,3.607725412659622
2461365.875,-4820846989.179592,-24743990785.77848,5461181264.705914,-2.059246719374206,-16.39412538538173,3.607725269459197
2461365.916666667,-4820854402.467523,-24744049804.62863,5461194252.516626,-2.059246575243584,-16.39412469593319,3.607725126259472
2461365.958333333,-4820861815.754934,-24744108823.4763,5461207240.326822,-2.059246431113692,-16.39412400648785,3.607724983060446
2461366.0,-4820869229.041827,-24744167842.32148,5461220228.136504,-2.059246286984531,-16.39412331704571,3.60772483986212
2461366.041666667,-4820876642.3282,-24744226861.16418,5461233215.945669,-2.0592461428561,-16.39412262760678,3.607724696664494
2461366.083333333,-4820884055.614056,-24744285880.00439,5461246203.75432,-2.0592459987284,-16.39412193817106,3.607724553467568
2461366.125,-4820891468.899391,-24744344898.84213,5461259191.562454,-2.05924585460143,-16.39412124873853,3.607724410271341
2461366.166666667,-4820898882.184208,-24744403917.67739,5461272179.370073,-2.05924571047519,-16.39412055930921,3.607724267075815
2461366.208333333,-4820906295.468506,-24744462936.51016,5461285167.177177,-2.059245566349682,-16.39411986988309,3.607724123880987
2461366.25,-4820913708.752286,-24744521955.34045,5461298154.983766,-2.059245422224903,-16.39411918046018,3.60772398068686
2461366.291666667,-4820921122.035546,-24744580974.16826,5461311142.789839,-2.059245278100855,-16.39411849104047,3.607723837493432
2461366.333333333,-4820928535.318289,-24744639992.99358,5461324130.595395,-2.059245133977538,-16.39411780162396,3.607723694300704
2461366.375,-4820935948.600511,-24744699011.81643,5461337118.400437,-2.05924498985495,-16.39411711221065,3.607723551108675
2461366.416666667,-4820943361.882215,-24744758030.63679,5461350106.204964,-2.059244845733093,-16.39411642280055,3.607723407917346
2461366.458333333,-4820950775.163401,-24744817049.45467,5461363094.008974,-2.059244701611966,-16.39411573339365,3.607723264726716
2461366.5,-4820958188.444066,-24744876068.27007,5461376081.81247,-2.059244557491569,-16.39411504398996,3.607723121536786
2461366.541666667,-4820965601.724215,-24744935087.08299,5461389069.61545,-2.059244413371902,-16.39411435458947,3.607722978347556
2461366.583333333,-4820973015.003843,-24744994105.89342,5461402057.417913,-2.059244269252965,-16.39411366519218,3.607722835159025
2461366.625,-4820980428.282953,-24745053124.70138,5461415045.219863,-2.059244125134758,-16.39411297579809,3.607722691971194
2461366.666666667,-4820987841.561544,-24745112143.50685,5461428033.021296,-2.059243981017281,-16.39411228640721,3.607722548784061
2461366.708333333,-4820995254.839617,-24745171162.30984,5461441020.822214,-2.059243836900533,-16.39411159701953,3.607722405597629
2461366.75,-4821002668.117169,-24745230181.11035,5461454008.622616,-2.059243692784516,-16.39411090763505,3.607722262411896
2461366.791666667,-4821010081.394203,-24745289199.90837,5461466996.422504,-2.059243548669227,-16.39411021825379,3.607722119226861
2461366.833333333,-4821017494.670719,-24745348218.70392,5461479984.221875,-2.059243404554669,-16.39410952887571,3.607721976042527
2461366.875,-4821024907.946716,-24745407237.49698,5461492972.020732,-2.05924326044084,-16.39410883950084,3.607721832858891
2461366.916666667,-4821032321.222195,-24745466256.28756,5461505959.819072,-2.05924311632774,-16.39410815012918,3.607721689675956
2461366.958333333,-4821039734.497154,-24745525275.07566,5461518947.616897,-2.059242972215371,-16.39410746076071,3.607721546493719
2461367.0,-4821047147.771594,-24745584293.86128,5461531935.414207,-2.05924282810373,-16.39410677139546,3.607721403312182
2461367.041666667,-4821054561.045516,-24745643312.64442,5461544923.211001,-2.059242683992819,-16.3941060820334,3.607721260131345
2461367.083333333,-4821061974.318919,-24745702331.42507,5461557911.00728,-2.059242539882637,-16.39410539267454,3.607721116951207
2461367.125,-4821069387.591804,-24745761350.20324,5461570898.803043,-2.059242395773184,-16.39410470331889,3.607720973771768
2461367.166666667,-4821076800.864169,-24745820368.97894,5461583886.59829,-2.05924225166446,-16.39410401396644,3.607720830593028
2461367.208333333,-4821084214.136015,-24745879387.75214,5461596874.393023,-2.059242107556465,-16.39410332461719,3.607720687414987
2461367.25,-4821091627.407343,-24745938406.52287,5461609862.187241,-2.059241963449199,-16.39410263527115,3.607720544237646
2461367.291666667,-4821099040.678152,-24745997425.29112,5461622849.980942,-2.059241819342662,-16.39410194592831,3.607720401061004
2461367.333333333,-4821106453.948442,-24746056444.05688,5461635837.774128,-2.059241675236853,-16.39410125658867,3.607720257885061
2461367.375,-4821113867.218214,-24746115462.82016,5461648825.566799,-2.059241531131773,-16.39410056725223,3.607720114709817
2461367.416666667,-4821121280.487467,-24746174481.58097,5461661813.358953,-2.059241387027422,-16.39409987791899,3.607719971535273
2461367.458333333,-4821128693.756201,-24746233500.33929,5461674801.150594,-2.0592412429238,-16.39409918858896,3.607719828361427
2461367.5,-4821136107.024415,-24746292519.09512,5461687788.941718,-2.059241098820906,-16.39409849926213,3.607719685188281
2461367.541666667,-4821143520.292112,-24746351537.84848,5461700776.732327,-2.05924095471874,-16.3940978099385,3.607719542015834
2461367.583333333,-4821150933.559289,-24746410556.59936,5461713764.52242,-2.059240810617303,-16.39409712061807,3.607719398844086
2461367.625,-4821158346.825948,-24746469575.34775,5461726752.311999,-2.059240666516594,-16.39409643130085,3.607719255673037
2461367.666666667,-4821165760.092089,-24746528594.09366,5461739740.101061,-2.059240522416613,-16.39409574198682,3.607719112502687
2461367.708333333,-4821173173.35771,-24746587612.83709,5461752727.889609,-2.05924037831736,-16.394095052676,3.607718969333037
2461367.75,-4821180586.622812,-24746646631.57804,5461765715.677641,-2.059240234218836,-16.39409436336838,3.607718826164085
2461367.791666667,-4821187999.887396,-24746705650.31651,5461778703.465157,-2.05924009012104,-16.39409367406396,3.607718682995833
2461367.833333333,-4821195413.151462,-24746764669.05249,5461791691.252158,-2.059239946023971,-16.39409298476274,3.607718539828279
2461367.875,-4821202826.415007,-24746823687.786,5461804679.038644,-2.059239801927631,-16.39409229546473,3.607718396661424
2461367.916666667,-4821210239.678036,-24746882706.51702,5461817666.824615,-2.059239657832018,-16.39409160616992,3.607718253495269
2461367.958333333,-4821217652.940544,-24746941725.24556,5461830654.610068,-2.059239513737134,-16.39409091687831,3.607718110329813
2461368.0,-4821225066.202534,-24747000743.97162,5461843642.395008,-2.059239369642977,-16.39409022758989,3.607717967165055
2461368.041666667,-4821232479.464005,-24747059762.6952,5461856630.179432,-2.059239225549549,-16.39408953830468,3.607717824000997
2461368.083333333,-4821239892.724957,-24747118781.4163,5461869617.963341,-2.059239081456847,-16.39408884902268,3.607717680837637
2461368.125,-4821247305.985392,-24747177800.13491,5461882605.746735,-2.059238937364874,-16.39408815974387,3.607717537674977
2461368.166666667,-4821254719.245307,-24747236818.85105,5461895593.529613,-2.059238793273628,-16.39408747046826,3.607717394513015
2461368.208333333,-4821262132.504703,-24747295837.5647,5461908581.311975,-2.059238649183111,-16.39408678119586,3.607717251351753
2461368.25,-4821269545.763581,-24747354856.27588,5461921569.093822,-2.05923850509332,-16.39408609192666,3.607717108191189
2461368.291666667,-4821276959.02194,-24747413874.98457,5461934556.875154,-2.059238361004257,-16.39408540266065,3.607716965031325
2461368.333333333,-4821284372.279779,-24747472893.69077,5461947544.655971,-2.059238216915922,-16.39408471339785,3.60771682187216
2461368.375,-4821291785.537102,-24747531912.3945,5461960532.436272,-2.059238072828315,-16.39408402413826,3.607716678713693
2461368.416666667,-4821299198.793905,-24747590931.09575,5461973520.216058,-2.059237928741435,-16.39408333488186,3.607716535555925
2461368.458333333,-4821306612.050188,-24747649949.79451,5461986507.995328,-2.059237784655282,-16.39408264562865,3.607716392398856
2461368.5,-4821314025.305954,-24747708968.4908,5461999495.774082,-2.059237640569858,-16.39408195637866,3.607716249242487
2461368.541666667,-4821321438.561201,-24747767987.1846,5462012483.552322,-2.05923749648516,-16.39408126713186,3.607716106086815
2461368.583333333,-4821328851.815928,-24747827005.87592,5462025471.330046,-2.05923735240119,-16.39408057788826,3.607715962931844
2461368.625,-4821336265.070138,-24747886024.56476,5462038459.107255,-2.059237208317949,-16.39407988864787,3.60771581977757
2461368.666666667,-4821343678.323829,-24747945043.25112,5462051446.883948,-2.059237064235434,-16.39407919941068,3.607715676623996
2461368.708333333,-4821351091.577001,-24748004061.93499,5462064434.660127,-2.059236920153646,-16.39407851017668,3.607715533471121
2461368.75,-4821358504.829654,-24748063080.61639,5462077422.43579,-2.059236776072587,-16.39407782094589,3.607715390318945
2461368.791666667,-4821365918.081788,-24748122099.29531,5462090410.210938,-2.059236631992255,-16.3940771317183,3.607715247167467
2461368.833333333,-4821373331.333405,-24748181117.97174,5462103397.985569,-2.059236487912651,-16.3940764424939,3.607715104016689
2461368.875,-4821380744.584501,-24748240136.64569,5462116385.759686,-2.059236343833774,-16.39407575327271,3.607714960866609
2461368.916666667,-4821388157.83508,-24748299155.31716,5462129373.533287,-2.059236199755625,-16.39407506405472,3.607714817717228
2461368.958333333,-4821395571.085139,-24748358173.98615,5462142361.306375,-2.059236055678203,-16.39407437483993,3.607714674568546
2461369.0,-4821402984.334681,-24748417192.65266,5462155349.078945,-2.05923591160151,-16.39407368562834,3.607714531420563
2461369.041666667,-4821410397.583703,-24748476211.31668,5462168336.851,-2.059235767525543,-16.39407299641995,3.607714388273279
2461369.083333333,-4821417810.832207,-24748535229.97823,5462181324.62254,-2.059235623450305,-16.39407230721476,3.607714245126693
2461369.125,-4821425224.080193,-24748594248.6373,5462194312.393564,-2.059235479375794,-16.39407161801276,3.607714101980807
2461369.166666667,-4821432637.327658,-24748653267.29388,5462207300.164074,-2.059235335302011,-16.39407092881397,3.607713958835619
2461369.208333333,-4821440050.574606,-24748712285.94799,5462220287.934069,-2.059235191228955,-16.39407023961838,3.60771381569113
2461369.25,-4821447463.821035,-24748771304.59961,5462233275.703547,-2.059235047156628,-16.39406955042599,3.60771367254734
2461369.291666667,-4821454877.066945,-24748830323.24875,5462246263.472511,-2.059234903085029,-16.3940688612368,3.607713529404249
2461369.333333333,-4821462290.312337,-24748889341.89541,5462259251.240959,-2.059234759014158,-16.39406817205081,3.607713386261856
2461369.375,-4821469703.55721,-24748948360.53959,5462272239.008892,-2.059234614944014,-16.39406748286802,3.607713243120163
2461369.416666667,-4821477116.801565,-24749007379.18129,5462285226.77631,-2.059234470874598,-16.39406679368843,3.607713099979168
2461369.458333333,-4821484530.045401,-24749066397.8205,5462298214.543211,-2.059234326805911,-16.39406610451204,3.607712956838872
2461369.5,-4821491943.288717,-24749125416.45724,5462311202.309599,-2.059234182737951,-16.39406541533884,3.607712813699275
2461369.541666667,-4821499356.531517,-24749184435.0915,5462324190.07547,-2.05923403867072,-16.39406472616885,3.607712670560377
2461369.583333333,-4821506769.773796,-24749243453.72327,5462337177.840827,-2.059233894604216,-16.39406403700206,3.607712527422178
2461369.625,-4821514183.015558,-24749302472.35256,5462350165.605668,-2.059233750538441,-16.39406334783846,3.607712384284677
2461369.666666667,-4821521596.2568,-24749361490.97937,5462363153.369993,-2.059233606473395,-16.39406265867807,3.607712241147875
2461369.708333333,-4821529009.497524,-24749420509.6037,5462376141.133803,-2.059233462409076,-16.39406196952087,3.607712098011772
2461369.75,-4821536422.737729,-24749479528.22556,5462389128.897099,-2.059233318345486,-16.39406128036688,3.607711954876367
2461369.791666667,-4821543835.977417,-24749538546.84492,5462402116.659879,-2.059233174282624,-16.39406059121609,3.607711811741662
2461369.833333333,-4821551249.216585,-24749597565.46181,5462415104.422144,-2.059233030220491,-16.39405990206849,3.607711668607655
2461369.875,-4821558662.455234,-24749656584.07622,5462428092.183893,-2.059232886159085,-16.39405921292409,3.607711525474347
2461369.916666667,-4821566075.693365,-24749715602.68814,5462441079.945127,-2.059232742098409,-16.39405852378289,3.607711382341737
2461369.958333333,-4821573488.930977,-24749774621.29759,5462454067.705847,-2.059232598038461,-16.39405783464489,3.607711239209827
2461370.0,-4821580902.168071,-24749833639.90455,5462467055.46605,-2.059232453979242,-16.3940571455101,3.607711096078615
2461370.041666667,-4821588315.404645,-24749892658.50903,5462480043.225738,-2.059232309920751,-16.39405645637849,3.607710952948101
2461370.083333333,-4821595728.640702,-24749951677.11104,5462493030.984911,-2.059232165862989,-16.39405576725009,3.607710809818287
2461370.125,-4821603141.87624,-24750010695.71056,5462506018.743568,-2.059232021805956,-16.39405507812489,3.607710666689171
2461370.166666667,-4821610555.111259,-24750069714.3076,5462519006.501711,-2.059231877749652,-16.39405438900289,3.607710523560754
2461370.208333333,-4821617968.34576,-24750128732.90216,5462531994.259338,-2.059231733694076,-16.39405369988408,3.607710380433036
2461370.25,-4821625381.579741,-24750187751.49424,5462544982.016451,-2.059231589639229,-16.39405301076848,3.607710237306016
2461370.291666667,-4821632794.813206,-24750246770.08384,5462557969.773046,-2.059231445585112,-16.39405232165608,3.607710094179695
2461370.333333333,-4821640208.04615,-24750305788.67096,5462570957.529128,-2.059231301531722,-16.39405163254687,3.607709951054072
2461370.375,-4821647621.278577,-24750364807.25559,5462583945.284695,-2.059231157479062,-16.39405094344086,3.607709807929148
2461370.416666667,-4821655034.510484,-24750423825.83775,5462596933.039745,-2.059231013427131,-16.39405025433805,3.607709664804923
2461370.458333333,-4821662447.741874,-24750482844.41742,5462609920.794281,-2.059230869375928,-16.39404956523844,3.607709521681397
2461370.5,-4821669860.972743,-24750541862.99462,5462622908.548301,-2.059230725325456,-16.39404887614203,3.607709378558569
